id,date,actor,period
3,2011-05-31,김영란,first
11,2011-06-15,이명박,first
11,2011-06-15,이명박,first
11,2011-06-15,청와대,first
16,2011-06-16,김영란,first
16,2011-06-16,국민권익위원회,first
25,2011-06-16,이명박,first
25,2011-06-16,이명박,first
30,2012-01-17,국민권익위원회,first
31,2012-01-17,김영란,first
35,2012-02-13,김영란,first
35,2012-02-13,국민권익위원회,first
46,2012-02-13,국민권익위원회,first
50,2012-02-13,김영란,first
50,2012-02-13,국민권익위원회,first
56,2012-02-14,국민권익위원회,first
62,2012-02-22,국민권익위원회,first
67,2012-03-04,국제투명성기구,first
75,2012-03-06,국민권익위원회,first
76,2012-03-06,국민권익위원회,first
80,2012-04-25,이명박,first
80,2012-04-25,이명박,first
93,2012-04-25,국제투명성기구,first
132,2012-07-18,김영란,first
134,2012-07-18,국민권익위원회,first
135,2012-07-18,국민권익위원회,first
136,2012-07-18,김영란,first
139,2012-07-18,국민권익위원회,first
140,2012-07-18,국민권익위원회,first
141,2012-07-18,법무부,first
141,2012-07-18,행정안전부,first
142,2012-07-18,국민권익위원회,first
150,2012-08-16,국민권익위원회,first
152,2012-08-16,국민권익위원회,first
152,2012-08-16,김영란,first
153,2012-08-16,국민권익위원회,first
162,2012-08-16,국민권익위원회,first
163,2012-08-16,법무부,first
164,2012-08-16,법제처,first
170,2012-08-16,김영란,first
170,2012-08-16,국민권익위원회,first
175,2012-08-16,이명박,first
175,2012-08-16,이명박,first
181,2012-08-16,국제투명성기구,first
207,2012-08-17,국민권익위원회,first
209,2012-08-17,국민권익위원회,first
213,2012-08-23,김영란,first
213,2012-08-23,국민권익위원회,first
220,2012-11-26,김영란,first
220,2012-11-26,국민권익위원회,first
221,2012-11-26,국민권익위원회,first
221,2012-11-26,국민권익위원회,first
222,2012-11-27,김영란,first
222,2012-11-27,이명박,first
222,2012-11-27,이명박,first
223,2012-11-27,국민권익위원회,first
225,2012-11-27,청와대,first
228,2012-11-27,청와대,first
235,2012-11-27,김영란,first
241,2012-12-10,이명박,first
241,2012-12-10,이명박,first
244,2012-12-10,법무부,first
247,2012-12-11,이성보,first
247,2012-12-11,국민권익위원회,first
248,2012-12-11,국민권익위원회,first
249,2012-12-11,국민권익위원회,first
249,2012-12-11,국민권익위원회,first
250,2012-12-11,국민권익위원회,first
271,2013-04-08,국민권익위원회,first
271,2013-04-08,박근혜,first
271,2013-04-08,박근혜,first
274,2013-04-08,박근혜,first
274,2013-04-08,박근혜,first
274,2013-04-08,국민권익위원회,first
274,2013-04-08,법제처,first
275,2013-04-08,청와대,first
275,2013-04-08,국민권익위원회,first
275,2013-04-08,법제처,first
275,2013-04-08,국민권익위원회,first
275,2013-04-08,법제처,first
276,2013-04-08,국민권익위원회,first
276,2013-04-08,법제처,first
278,2013-04-08,국민권익위원회,first
287,2013-04-12,법무부,first
288,2013-04-12,법무부,first
288,2013-04-12,김영란,first
294,2013-05-02,김영란,first
295,2013-05-02,김영란,first
299,2013-05-03,김영란,first
299,2013-05-03,문재인,first
299,2013-05-03,더불어민주당,first
301,2013-05-03,청와대,first
302,2013-05-03,청와대,first
304,2013-05-03,국민권익위원회,first
314,2013-05-03,김영란,first
324,2013-05-04,김영란,first
326,2013-05-04,헌법재판소,first
329,2013-05-04,김영란,first
330,2013-05-04,박근혜,first
330,2013-05-04,박근혜,first
335,2013-05-10,국민권익위원회,first
344,2013-05-17,박근혜,first
344,2013-05-17,박근혜,first
354,2013-05-20,법무부,first
355,2013-05-20,법무부,first
369,2013-05-21,김영란,first
369,2013-05-21,국민권익위원회,first
369,2013-05-21,김영란,first
369,2013-05-21,국민권익위원회,first
383,2013-05-25,국제투명성기구,first
389,2013-05-25,더불어민주당,first
393,2013-05-27,김영란,first
394,2013-05-27,정무위원회,first
394,2013-05-27,정무위원회,first
394,2013-05-27,더불어민주당,first
395,2013-05-27,법무부,first
396,2013-05-27,국민권익위원회,first
396,2013-05-27,법무부,first
399,2013-05-27,더불어민주당,first
399,2013-05-27,참여연대,first
404,2013-05-29,국민권익위원회,first
404,2013-05-29,법무부,first
405,2013-05-29,더불어민주당,first
405,2013-05-29,국민권익위원회,first
406,2013-05-29,법무부,first
407,2013-05-29,법무부,first
407,2013-05-29,국민권익위원회,first
409,2013-05-29,국민권익위원회,first
411,2013-06-17,정무위원회,first
411,2013-06-17,정무위원회,first
425,2013-06-17,법제사법위원회,first
438,2013-06-19,이성보,first
438,2013-06-19,국민권익위원회,first
439,2013-06-19,국민권익위원회,first
439,2013-06-19,법제처,first
440,2013-06-19,국민권익위원회,first
441,2013-06-19,국민권익위원회,first
442,2013-06-19,법무부,first
445,2013-06-19,국민권익위원회,first
455,2013-07-03,이성보,first
455,2013-07-03,국민권익위원회,first
455,2013-07-03,법무부,first
457,2013-07-03,국민권익위원회,first
458,2013-07-03,국민권익위원회,first
463,2013-07-04,법제사법위원회,first
473,2013-07-07,검찰총장,first
476,2013-07-07,국제투명성기구,first
491,2013-07-11,법무부,first
494,2013-07-11,법무부,first
500,2013-07-15,박근혜,first
500,2013-07-15,박근혜,first
502,2013-07-15,청와대,first
506,2013-07-15,법무부,first
508,2013-07-15,박근혜,first
508,2013-07-15,박근혜,first
510,2013-07-15,더불어민주당,first
515,2013-07-16,박근혜,first
515,2013-07-16,박근혜,first
515,2013-07-16,청와대,first
525,2013-07-22,국제투명성기구,first
531,2013-07-22,김영란,first
531,2013-07-22,국민권익위원회,first
533,2013-07-22,법무부,first
541,2013-07-30,법무부,first
553,2013-07-30,법제사법위원회,first
554,2013-07-30,국민권익위원회,first
556,2013-07-30,더불어민주당,first
590,2013-07-31,국민권익위원회,first
593,2013-07-31,국민권익위원회,first
595,2013-08-07,국제투명성기구,first
596,2013-08-07,국제투명성기구,first
604,2013-08-07,이명박,first
604,2013-08-07,이명박,first
620,2013-08-09,국제투명성기구,first
638,2013-09-03,김영란,first
638,2013-09-03,국민권익위원회,first
642,2013-09-03,김영란,first
642,2013-09-03,국민권익위원회,first
645,2013-09-03,국민권익위원회,first
646,2013-09-03,이성보,first
646,2013-09-03,국민권익위원회,first
687,2013-09-11,이명박,first
687,2013-09-11,이명박,first
705,2013-09-29,이명박,first
705,2013-09-29,이명박,first
711,2013-09-29,법무부,first
720,2013-10-16,더불어민주당,first
725,2013-10-16,국제투명성기구,first
726,2013-10-16,국제투명성기구,first
735,2013-10-16,국민권익위원회,first
748,2013-10-21,이명박,first
748,2013-10-21,이명박,first
777,2013-10-21,박근혜,first
777,2013-10-21,박근혜,first
779,2013-11-23,청와대,first
781,2013-11-23,청와대,first
781,2013-11-23,청와대,first
782,2013-11-23,청와대,first
782,2013-11-23,청와대,first
783,2013-11-23,박근혜,first
783,2013-11-23,박근혜,first
783,2013-11-23,청와대,first
784,2013-11-23,청와대,first
785,2013-11-23,청와대,first
786,2013-11-23,청와대,first
787,2013-11-23,청와대,first
788,2013-11-23,청와대,first
789,2013-11-23,청와대,first
791,2013-11-23,박근혜,first
791,2013-11-23,박근혜,first
793,2013-11-23,청와대,first
794,2013-11-23,청와대,first
798,2013-12-04,국제투명성기구,first
829,2013-12-17,국제투명성기구,first
859,2014-01-07,국제투명성기구,first
870,2014-02-03,김한길,first
870,2014-02-03,안철수,first
870,2014-02-03,더불어민주당,first
870,2014-02-03,김한길,first
875,2014-02-03,안철수,first
876,2014-02-03,더불어민주당,first
877,2014-02-03,더불어민주당,first
879,2014-02-03,김한길,first
879,2014-02-03,더불어민주당,first
879,2014-02-03,더불어민주당,first
880,2014-02-03,김한길,first
880,2014-02-03,더불어민주당,first
881,2014-02-03,안철수,first
886,2014-02-03,더불어민주당,first
890,2014-02-04,더불어민주당,first
891,2014-02-04,김한길,first
892,2014-02-04,안철수,first
895,2014-02-04,더불어민주당,first
895,2014-02-04,김한길,first
896,2014-02-04,안철수,first
897,2014-02-04,안철수,first
898,2014-02-04,더불어민주당,first
905,2014-02-04,안철수,first
906,2014-02-04,더불어민주당,first
910,2014-02-04,더불어민주당,first
914,2014-02-05,국민권익위원회,first
936,2014-03-21,국민권익위원회,first
937,2014-03-21,이성보,first
937,2014-03-21,국민권익위원회,first
941,2014-03-21,국민권익위원회,first
943,2014-03-21,국민권익위원회,first
945,2014-03-22,이성보,first
945,2014-03-22,국민권익위원회,first
969,2014-05-13,국민권익위원회,first
970,2014-05-13,법안심사소위원회,first
970,2014-05-13,정무위원회,first
970,2014-05-13,정무위원회,first
974,2014-05-13,국민권익위원회,first
976,2014-05-13,이완구,first
976,2014-05-13,박영선,first
976,2014-05-13,이완구,first
979,2014-05-13,주호영,first
982,2014-05-13,박근혜,first
982,2014-05-13,박근혜,first
985,2014-05-19,박근혜,first
985,2014-05-19,박근혜,first
992,2014-05-19,참여연대,first
995,2014-05-21,박근혜,first
995,2014-05-21,박근혜,first
999,2014-05-21,박근혜,first
999,2014-05-21,박근혜,first
1004,2014-05-21,김영란,first
1004,2014-05-21,국민권익위원회,first
1019,2014-05-22,김용태,first
1019,2014-05-22,정무위원회,first
1019,2014-05-22,정무위원회,first
1020,2014-05-22,정무위원회,first
1020,2014-05-22,정무위원회,first
1020,2014-05-22,새정치민주연합,first
1038,2014-05-27,김용태,first
1038,2014-05-27,정무위원회,first
1038,2014-05-27,정무위원회,first
1038,2014-05-27,법안심사소위원회,first
1041,2014-05-28,새정치민주연합,first
1082,2014-06-16,이명박,first
1082,2014-06-16,이명박,first
1098,2014-06-16,참여연대,first
1108,2014-06-16,이명박,first
1108,2014-06-16,이명박,first
1120,2014-06-28,국민권익위원회,first
1122,2014-06-28,김용태,first
1122,2014-06-28,새정치민주연합,first
1122,2014-06-28,김기식,first
1122,2014-06-28,법무부,first
1138,2014-07-02,김영란,first
1138,2014-07-02,새정치민주연합,first
1144,2014-07-02,김영란,first
1150,2014-07-03,국민권익위원회,first
1151,2014-07-03,국민권익위원회,first
1154,2014-07-03,법안심사소위원회,first
1156,2014-07-03,박근혜,first
1156,2014-07-03,박근혜,first
1158,2014-07-05,김영란,first
1159,2014-07-05,김영란,first
1170,2014-07-09,국제투명성기구,first
1176,2014-07-09,정무위원회,first
1176,2014-07-09,정무위원회,first
1189,2014-07-25,법무부,first
1192,2014-07-25,국민권익위원회,first
1194,2014-07-25,국민권익위원회,first
1199,2014-08-05,국제투명성기구,first
1234,2014-08-06,박원순,first
1239,2014-08-06,박원순,first
1250,2014-08-06,박원순,first
1281,2014-08-07,김영란,first
1289,2014-08-07,국제투명성기구,first
1295,2014-08-08,박원순,first
1301,2014-08-08,박근혜,first
1301,2014-08-08,박근혜,first
1352,2014-08-20,국민권익위원회,first
1397,2014-10-08,박원순,first
1399,2014-11-06,정무위원회,first
1399,2014-11-06,정무위원회,first
1400,2014-11-06,국민권익위원회,first
1401,2014-11-06,국민권익위원회,first
1409,2014-11-06,국민권익위원회,first
1428,2014-11-06,국제투명성기구,first
1431,2014-11-06,국민권익위원회,first
1440,2014-12-03,이완구,first
1441,2014-12-03,이완구,first
1443,2014-12-03,새정치민주연합,first
1445,2014-12-03,법안심사소위원회,first
1446,2014-12-03,정무위원회,first
1446,2014-12-03,정무위원회,first
1446,2014-12-03,법안심사소위원회,first
1446,2014-12-03,법안심사소위원회,first
1448,2014-12-03,새정치민주연합,first
1450,2014-12-03,법안심사소위원회,first
1455,2014-12-03,새정치민주연합,first
1458,2014-12-04,새정치민주연합,first
1460,2014-12-04,법제사법위원회,first
1460,2014-12-04,법안심사소위원회,first
1462,2014-12-04,박근혜,first
1462,2014-12-04,박근혜,first
1465,2014-12-04,경제부총리,first
1468,2014-12-10,이완구,first
1468,2014-12-10,새정치민주연합,first
1477,2014-12-24,정무위원회,first
1477,2014-12-24,정무위원회,first
1482,2014-12-24,국민권익위원회,first
1485,2015-01-08,정무위원회,first
1485,2015-01-08,정무위원회,first
1485,2015-01-08,법안심사소위원회,first
1486,2015-01-08,김영란,first
1486,2015-01-08,국민권익위원회,first
1486,2015-01-08,국민권익위원회,first
1487,2015-01-08,정무위원회,first
1487,2015-01-08,정무위원회,first
1487,2015-01-08,법안심사소위원회,first
1488,2015-01-08,정무위원회,first
1488,2015-01-08,정무위원회,first
1490,2015-01-08,법안심사소위원회,first
1499,2015-01-08,정무위원회,first
1499,2015-01-08,정무위원회,first
1499,2015-01-08,새정치민주연합,first
1499,2015-01-08,김기식,first
1500,2015-01-08,이명박,first
1500,2015-01-08,이명박,first
1503,2015-01-08,정무위원회,first
1503,2015-01-08,정무위원회,first
1503,2015-01-08,법안심사소위원회,first
1503,2015-01-08,정무위원회,first
1503,2015-01-08,정무위원회,first
1503,2015-01-08,법안심사소위원회,first
1522,2015-01-09,이완구,first
1523,2015-01-09,새정치민주연합,first
1533,2015-01-09,정무위원회,first
1533,2015-01-09,정무위원회,first
1533,2015-01-09,법안심사소위원회,first
1540,2015-01-09,정무위원회,first
1540,2015-01-09,정무위원회,first
1543,2015-01-09,김영란,first
1543,2015-01-09,국민권익위원회,first
1544,2015-01-09,정무위원회,first
1544,2015-01-09,정무위원회,first
1544,2015-01-09,법제사법위원회,first
1545,2015-01-09,청와대,first
1547,2015-01-09,법안심사소위원회,first
1548,2015-01-09,김영란,first
1548,2015-01-09,국민권익위원회,first
1572,2015-01-11,국제투명성기구,first
1598,2015-01-14,이상민,first
1598,2015-01-14,이상민,first
1598,2015-01-14,법제사법위원회,first
1598,2015-01-14,이상민,first
1598,2015-01-14,이상민,first
1598,2015-01-14,법제사법위원회,first
1599,2015-01-14,법제사법위원회,first
1618,2015-01-27,법제사법위원회,first
1621,2015-01-27,김영란,first
1621,2015-01-27,국민권익위원회,first
1651,2015-01-27,국제투명성기구,first
1654,2015-01-27,국민권익위원회,first
1660,2015-01-27,국민권익위원회,first
1662,2015-01-27,국민권익위원회,first
1665,2015-01-27,국민권익위원회,first
1683,2015-02-16,법제사법위원회,first
1684,2015-02-16,참여연대,first
1692,2015-02-23,정무위원회,first
1692,2015-02-23,정무위원회,first
1692,2015-02-23,법제사법위원회,first
1693,2015-02-23,법제사법위원회,first
1693,2015-02-23,정무위원회,first
1693,2015-02-23,정무위원회,first
1695,2015-02-26,법제사법위원회,first
1696,2015-02-26,안철수,first
1696,2015-02-26,새정치민주연합,first
1697,2015-02-26,새정치민주연합,first
1700,2015-02-26,법제사법위원회,first
1702,2015-02-26,정무위원회,first
1702,2015-02-26,정무위원회,first
1702,2015-02-26,정무위원회,first
1702,2015-02-26,정무위원회,first
1712,2015-02-26,김영란,first
1712,2015-02-26,국민권익위원회,first
1715,2015-02-26,법무부,first
1716,2015-02-26,정무위원회,first
1716,2015-02-26,정무위원회,first
1716,2015-02-26,주호영,first
1716,2015-02-26,김용태,first
1717,2015-02-26,정무위원회,first
1717,2015-02-26,정무위원회,first
1718,2015-02-26,정무위원회,first
1718,2015-02-26,정무위원회,first
1721,2015-02-26,헌법재판소,first
1723,2015-03-03,새정치민주연합,first
1727,2015-03-03,정무위원회,first
1727,2015-03-03,정무위원회,first
1731,2015-03-03,법제사법위원회,first
1732,2015-03-03,새정치민주연합,first
1733,2015-03-03,정무위원회,first
1733,2015-03-03,정무위원회,first
1736,2015-03-03,정무위원회,first
1736,2015-03-03,정무위원회,first
1738,2015-03-03,정무위원회,first
1738,2015-03-03,정무위원회,first
1738,2015-03-03,법안심사소위원회,first
1742,2015-03-03,김영란,first
1742,2015-03-03,국민권익위원회,first
1761,2015-03-03,정무위원회,first
1761,2015-03-03,정무위원회,first
1806,2015-03-04,추미애,first
1806,2015-03-04,새정치민주연합,first
1813,2015-03-04,법제사법위원회,first
1814,2015-03-04,김영란,first
1814,2015-03-04,국민권익위원회,first
1815,2015-03-04,법제처,first
1824,2015-03-04,국제투명성기구,first
1829,2015-03-04,청와대,first
1831,2015-03-04,김영란,first
1831,2015-03-04,국민권익위원회,first
1832,2015-03-04,김영란,first
1832,2015-03-04,국민권익위원회,first
1837,2015-03-04,정무위원회,first
1837,2015-03-04,정무위원회,first
1842,2015-03-04,국민권익위원회,first
1845,2015-03-04,법안심사소위원회,first
1848,2015-03-05,이성보,first
1848,2015-03-05,국민권익위원회,first
1849,2015-03-05,이성보,first
1849,2015-03-05,국민권익위원회,first
1855,2015-03-05,국민권익위원회,first
1865,2015-03-05,국민권익위원회,first
1868,2015-03-05,이상민,first
1868,2015-03-05,이상민,first
1874,2015-03-05,법제사법위원회,first
1876,2015-03-05,법제사법위원회,first
1887,2015-03-05,법제사법위원회,first
1896,2015-03-05,정무위원회,first
1896,2015-03-05,정무위원회,first
1907,2015-03-05,법제사법위원회,first
1910,2015-03-05,헌법재판소,first
1915,2015-03-05,정무위원회,first
1915,2015-03-05,정무위원회,first
1915,2015-03-05,새정치민주연합,first
1915,2015-03-05,김기식,first
1915,2015-03-05,정무위원회,first
1915,2015-03-05,정무위원회,first
1915,2015-03-05,김용태,first
1916,2015-03-05,국민권익위원회,first
1917,2015-03-05,정무위원회,first
1917,2015-03-05,정무위원회,first
1922,2015-03-05,정무위원회,first
1922,2015-03-05,정무위원회,first
1923,2015-03-05,헌법재판소,first
1927,2015-03-05,새정치민주연합,first
1927,2015-03-05,국민권익위원회,first
1929,2015-03-06,국민권익위원회,first
1930,2015-03-06,정무위원회,first
1930,2015-03-06,정무위원회,first
1930,2015-03-06,법안심사소위원회,first
1933,2015-03-06,정무위원회,first
1933,2015-03-06,정무위원회,first
1935,2015-03-10,김영란,first
1935,2015-03-10,국민권익위원회,first
1960,2015-03-10,김영란,first
1960,2015-03-10,국민권익위원회,first
1966,2015-03-10,헌법재판소,first
1984,2015-03-10,헌법재판소,first
1990,2015-03-10,김영란,first
1997,2015-03-11,김영란,first
1997,2015-03-11,국민권익위원회,first
1998,2015-03-11,김영란,first
1998,2015-03-11,국민권익위원회,first
2010,2015-03-11,김영란,first
2010,2015-03-11,국민권익위원회,first
2011,2015-03-11,김영란,first
2011,2015-03-11,국민권익위원회,first
2033,2015-03-11,김용태,first
2033,2015-03-11,정무위원회,first
2033,2015-03-11,정무위원회,first
2034,2015-03-11,정무위원회,first
2034,2015-03-11,정무위원회,first
2039,2015-03-11,정무위원회,first
2039,2015-03-11,정무위원회,first
2041,2015-03-11,정무위원회,first
2041,2015-03-11,정무위원회,first
2045,2015-03-11,정무위원회,first
2045,2015-03-11,정무위원회,first
2045,2015-03-11,법안심사소위원회,first
2045,2015-03-11,국민권익위원회,first
2047,2015-03-11,국민권익위원회,first
2048,2015-03-11,김영란,first
2048,2015-03-11,국민권익위원회,first
2049,2015-03-11,정무위원회,first
2049,2015-03-11,정무위원회,first
2052,2015-03-11,김영란,first
2052,2015-03-11,김영란,first
2052,2015-03-11,김영란,first
2052,2015-03-11,국민권익위원회,first
2053,2015-03-11,국민권익위원회,first
2073,2015-03-11,김영란,first
2073,2015-03-11,국민권익위원회,first
2074,2015-03-11,국민권익위원회,first
2075,2015-03-11,이명박,first
2075,2015-03-11,이명박,first
2082,2015-03-11,국민권익위원회,first
2083,2015-03-11,국민권익위원회,first
2083,2015-03-11,헌법재판소,first
2094,2015-03-11,김영란,first
2094,2015-03-11,국민권익위원회,first
2098,2015-03-11,새정치민주연합,first
2100,2015-03-11,김영란,first
2100,2015-03-11,국민권익위원회,first
2124,2015-03-12,박원순,first
2127,2015-03-12,박원순,first
2129,2015-03-12,박원순,first
2141,2015-03-12,박원순,first
2147,2015-03-13,박원순,first
2157,2015-03-13,박원순,first
2157,2015-03-13,박원순,first
2160,2015-03-13,박원순,first
2176,2015-03-19,김영란,second
2176,2015-03-19,국민권익위원회,second
2177,2015-03-19,국민권익위원회,second
2177,2015-03-19,정무위원회,second
2177,2015-03-19,정무위원회,second
2207,2015-04-01,새정치민주연합,second
2212,2015-04-01,박원순,second
2213,2015-04-01,박원순,second
2215,2015-04-01,박원순,second
2227,2015-04-01,박원순,second
2231,2015-04-15,이성보,second
2231,2015-04-15,국민권익위원회,second
2237,2015-04-15,김영란,second
2250,2015-04-20,오세훈,second
2253,2015-04-20,박근혜,second
2253,2015-04-20,박근혜,second
2260,2015-05-05,법제사법위원회,second
2268,2015-05-05,새정치민주연합,second
2272,2015-05-05,새정치민주연합,second
2272,2015-05-05,청와대,second
2274,2015-05-05,법제사법위원회,second
2275,2015-05-05,박근혜,second
2275,2015-05-05,박근혜,second
2276,2015-05-05,법제사법위원회,second
2277,2015-05-05,법제사법위원회,second
2279,2015-05-05,법제사법위원회,second
2337,2015-08-18,정무위원회,second
2337,2015-08-18,정무위원회,second
2343,2015-08-18,새정치민주연합,second
2345,2015-08-18,정무위원회,second
2345,2015-08-18,정무위원회,second
2346,2015-08-18,국민권익위원회,second
2346,2015-08-18,정무위원회,second
2346,2015-08-18,정무위원회,second
2346,2015-08-18,법안심사소위원회,second
2348,2015-08-18,새정치민주연합,second
2348,2015-08-18,이상민,second
2348,2015-08-18,이상민,second
2348,2015-08-18,법제사법위원회,second
2355,2015-08-18,새정치민주연합,second
2407,2015-08-25,법제처,second
2426,2015-12-03,박원순,second
2430,2015-12-03,박원순,second
2488,2016-03-02,헌법재판소,second
2491,2016-05-10,김영란,second
2491,2016-05-10,헌법재판소,second
2492,2016-05-10,국민권익위원회,second
2498,2016-05-10,국민권익위원회,second
2548,2016-05-12,박원순,second
2558,2016-05-12,정의당,second
2559,2016-05-12,헌법재판소,second
2571,2016-05-16,김영란,second
2571,2016-05-16,국민권익위원회,second
2574,2016-05-16,이상민,second
2574,2016-05-16,이상민,second
2574,2016-05-16,새정치민주연합,second
2581,2016-05-16,박근혜,second
2581,2016-05-16,박근혜,second
2587,2016-05-16,박근혜,second
2587,2016-05-16,박근혜,second
2605,2016-05-31,국토교통부,second
2637,2016-07-04,더불어민주당,second
2638,2016-07-04,국민의당,second
2638,2016-07-04,박지원,second
2640,2016-07-04,국민의당,second
2644,2016-07-04,국민의당,second
2644,2016-07-04,안철수,second
2645,2016-07-04,국민의당,second
2652,2016-07-04,정세균,second
2662,2016-07-05,국민권익위원회,second
2662,2016-07-05,국민권익위원회,second
2663,2016-07-05,국민권익위원회,second
2669,2016-07-05,김용태,second
2669,2016-07-05,더불어민주당,second
2669,2016-07-05,김기식,second
2670,2016-07-05,김용태,second
2670,2016-07-05,김용태,second
2674,2016-07-05,법안심사소위원회,second
2674,2016-07-05,김용태,second
2676,2016-07-05,국민권익위원회,second
2678,2016-07-05,김기식,second
2678,2016-07-05,더불어민주당,second
2678,2016-07-05,국민권익위원회,second
2680,2016-07-05,헌법재판소,second
2690,2016-07-05,박지원,second
2692,2016-07-05,더불어민주당,second
2692,2016-07-05,법제사법위원회,second
2700,2016-07-05,박지원,second
2700,2016-07-05,국민의당,second
2700,2016-07-05,청와대,second
2725,2016-07-05,정세균,second
2742,2016-07-07,국민의당,second
2744,2016-07-07,국민의당,second
2745,2016-07-07,박지원,second
2745,2016-07-07,국민의당,second
2750,2016-07-07,박근혜,second
2750,2016-07-07,박근혜,second
2786,2016-07-14,헌법재판소,second
2803,2016-07-15,국제투명성기구,second
2819,2016-07-15,헌법재판소,second
2822,2016-07-28,헌법재판소,second
2866,2016-07-28,헌법재판소,second
2871,2016-07-28,정무위원회,second
2871,2016-07-28,정무위원회,second
2873,2016-07-28,정무위원회,second
2873,2016-07-28,정무위원회,second
2874,2016-07-28,정의당,second
2875,2016-07-28,정무위원회,second
2875,2016-07-28,정무위원회,second
2875,2016-07-28,김용태,second
2875,2016-07-28,김기식,second
2875,2016-07-28,더불어민주당,second
2882,2016-07-28,안철수,second
2882,2016-07-28,국민의당,second
2883,2016-07-28,정의당,second
2887,2016-07-29,헌법재판소,second
2888,2016-07-29,헌법재판소,second
2888,2016-07-29,헌법재판소,second
2892,2016-07-29,헌법재판소,second
2895,2016-07-29,헌법재판소,second
2899,2016-07-29,김영란,second
2920,2016-07-29,헌법재판소,second
2922,2016-07-29,헌법재판소,second
2924,2016-07-29,안철수,second
2924,2016-07-29,국민의당,second
2927,2016-07-29,정의당,second
2928,2016-07-29,정의당,second
2929,2016-07-29,더불어민주당,second
2932,2016-07-29,박지원,second
2932,2016-07-29,국민의당,second
2936,2016-07-30,헌법재판소,second
2939,2016-07-30,정의당,second
2941,2016-07-30,정의당,second
2942,2016-07-30,국민의당,second
2942,2016-07-30,안철수,second
2948,2016-07-30,더불어민주당,second
2948,2016-07-30,헌법재판소,second
2951,2016-07-30,헌법재판소,second
2952,2016-07-30,정의당,second
2953,2016-07-30,정의당,second
2954,2016-07-30,안철수,second
2954,2016-07-30,국민의당,second
2957,2016-07-30,더불어민주당,second
2957,2016-07-30,김기식,second
2957,2016-07-30,안철수,second
2960,2016-08-01,안철수,second
2960,2016-08-01,국민의당,second
2968,2016-08-01,국민의당,second
2970,2016-08-01,국민의당,second
2970,2016-08-01,안철수,second
2979,2016-08-02,국민의당,second
2979,2016-08-02,안철수,second
2985,2016-08-03,헌법재판소,second
2989,2016-08-03,국민권익위원회,second
2991,2016-08-03,헌법재판소,second
3016,2016-08-04,국민의당,second
3016,2016-08-04,안철수,second
3032,2016-08-04,헌법재판소,second
3040,2016-08-10,안철수,second
3040,2016-08-10,국민의당,second
3044,2016-08-10,정의당,second
3055,2016-09-01,더불어민주당,second
3055,2016-09-01,김병욱,second
3055,2016-09-01,정무위원회,second
3055,2016-09-01,정무위원회,second
3071,2016-09-01,청와대,second
3072,2016-09-01,박근혜,second
3072,2016-09-01,박근혜,second
3077,2016-09-20,검찰총장,second
3106,2016-09-20,국민권익위원회,second
3134,2016-09-20,법무부,second
3162,2016-09-26,헌법재판소,second
3166,2016-09-26,국제투명성기구,second
3193,2016-09-26,국민권익위원회,second
3207,2016-09-28,김영란,second
3207,2016-09-28,국민권익위원회,second
3216,2016-09-28,헌법재판소,second
3223,2016-09-28,국제투명성기구,second
3325,2017-07-27,국민권익위원회,second
3333,2017-07-27,국민권익위원회,second
3338,2017-07-27,국민권익위원회,second
3339,2017-07-27,국민권익위원회,second
3343,2017-07-28,국민권익위원회,second
3343,2017-07-28,국민권익위원회,second
3346,2017-07-28,국민권익위원회,second
3349,2017-07-28,국민권익위원회,second
3350,2017-07-28,국민권익위원회,second
3353,2017-08-02,김영란,second
3354,2017-08-02,김영란,second
3355,2017-08-02,국민권익위원회,second
3355,2017-08-02,김영란,second
3361,2017-08-02,박근혜,second
3361,2017-08-02,박근혜,second
3362,2017-08-02,청와대,second
3362,2017-08-02,박근혜,second
3362,2017-08-02,박근혜,second
3372,2017-08-04,김영란,second
3372,2017-08-04,김영란,second
3372,2017-08-04,김영란,second
3372,2017-08-04,김영란,second
3372,2017-08-04,국민권익위원회,second
3377,2017-08-04,김영란,second
3392,2017-08-28,반부패정책협의회,second
3394,2017-08-28,국민권익위원회,second
3395,2017-08-28,반부패정책협의회,second
3396,2017-08-28,문재인,second
3397,2017-08-28,국민권익위원회,second
3398,2017-08-28,국민권익위원회,second
3403,2017-08-28,국민권익위원회,second
3404,2017-08-28,국민권익위원회,second
3406,2017-08-28,국민권익위원회,second
3409,2017-08-28,국민권익위원회,second
3411,2017-09-25,국민권익위원회,second
3411,2017-09-25,청와대,second
3422,2017-09-25,자유한국당,second
3422,2017-09-25,국민의당,second
3424,2017-09-25,국민권익위원회,second
3425,2017-09-25,국민권익위원회,second
3427,2017-09-25,이낙연,second
3430,2017-09-25,문재인,second
3439,2017-09-28,자유한국당,second
3441,2017-09-28,자유한국당,second
3442,2017-09-28,더불어민주당,second
3443,2017-09-28,국민의당,second
3446,2017-09-28,자유한국당,second
3446,2017-09-28,국민의당,second
3446,2017-09-28,안철수,second
3446,2017-09-28,자유한국당,second
3446,2017-09-28,자유한국당,second
3446,2017-09-28,더불어민주당,second
3446,2017-09-28,김병욱,second
3446,2017-09-28,더불어민주당,second
3446,2017-09-28,자유한국당,second
3446,2017-09-28,자유한국당,second
3464,2017-12-12,국민권익위원회,second
3488,2017-12-13,국민권익위원회,second
3498,2018-01-02,국민권익위원회,second
3505,2018-01-09,국민권익위원회,second
3507,2018-01-09,국민권익위원회,second
3512,2018-01-09,국민권익위원회,second
3524,2018-01-09,국민권익위원회,second
3531,2018-01-09,국민권익위원회,second
3566,2018-02-05,국민권익위원회,second
3572,2018-02-05,국민권익위원회,second
3576,2018-02-05,국민권익위원회,second
3579,2018-02-05,국제투명성기구,second
3586,2018-03-08,이명박,second
3586,2018-03-08,이명박,second
3602,2018-03-08,문재인,second
3608,2018-03-08,이명박,second
3608,2018-03-08,이명박,second
3610,2018-03-08,박근혜,second
3610,2018-03-08,박근혜,second
3610,2018-03-08,이명박,second
3610,2018-03-08,이명박,second
3703,2019-01-22,손혜원,second
3703,2019-01-22,더불어민주당,second
3703,2019-01-22,손혜원,second
3703,2019-01-22,더불어민주당,second
3706,2019-01-22,더불어민주당,second
3706,2019-01-22,손혜원,second
3720,2019-01-22,김영란,second
3720,2019-01-22,국민권익위원회,second
3722,2019-01-22,김기식,second
3724,2019-01-22,손혜원,second
3726,2019-01-22,법제사법위원회,second
3734,2019-01-24,자유한국당,second
3734,2019-01-24,손혜원,second
3735,2019-01-24,더불어민주당,second
3735,2019-01-24,손혜원,second
3743,2019-01-24,나경원,second
3743,2019-01-24,자유한국당,second
3760,2019-01-24,자유한국당,second
3762,2019-01-24,손혜원,second
3764,2019-01-24,손혜원,second
3765,2019-01-24,바른미래당,second
3775,2019-01-24,바른미래당,second
3775,2019-01-24,국민권익위원회,second
3776,2019-01-24,국민권익위원회,second
3777,2019-01-24,바른미래당,second
3780,2019-01-24,더불어민주당,second
3780,2019-01-24,손혜원,second
3799,2019-01-28,손혜원,second
3799,2019-01-28,자유한국당,second
3812,2019-01-28,손혜원,second
3812,2019-01-28,나경원,second
3812,2019-01-28,손혜원,second
3812,2019-01-28,자유한국당,second
3813,2019-01-28,손혜원,second
3813,2019-01-28,자유한국당,second
3814,2019-01-28,더불어민주당,second
3816,2019-01-28,더불어민주당,second
3816,2019-01-28,자유한국당,second
3817,2019-01-28,자유한국당,second
3818,2019-01-28,손혜원,second
3818,2019-01-28,더불어민주당,second
3820,2019-01-28,더불어민주당,second
3823,2019-01-28,더불어민주당,second
3824,2019-01-28,정의당,second
3825,2019-01-28,정의당,second
3827,2019-01-28,자유한국당,second
3827,2019-01-28,손혜원,second
3828,2019-01-28,나경원,second
3833,2019-01-28,자유한국당,second
3836,2019-01-28,자유한국당,second
3836,2019-01-28,더불어민주당,second
3836,2019-01-28,더불어민주당,second
3837,2019-01-28,손혜원,second
3838,2019-01-28,자유한국당,second
3840,2019-01-28,더불어민주당,second
3840,2019-01-28,자유한국당,second
3841,2019-01-28,더불어민주당,second
3841,2019-01-28,자유한국당,second
3843,2019-01-28,정의당,second
3843,2019-01-28,자유한국당,second
3844,2019-01-28,자유한국당,second
3845,2019-01-28,자유한국당,second
3846,2019-01-28,나경원,second
3850,2019-01-28,자유한국당,second
3850,2019-01-28,손혜원,second
3859,2019-01-28,더불어민주당,second
3862,2019-01-29,손혜원,second
3862,2019-01-29,더불어민주당,second
3862,2019-01-29,자유한국당,second
3862,2019-01-29,손혜원,second
3862,2019-01-29,더불어민주당,second
3862,2019-01-29,손혜원,second
3864,2019-01-29,손혜원,second
3865,2019-01-29,자유한국당,second
3869,2019-01-29,김영란,second
3869,2019-01-29,국민권익위원회,second
3884,2019-01-29,손혜원,second
3884,2019-01-29,자유한국당,second
3888,2019-01-29,자유한국당,second
3888,2019-01-29,나경원,second
3894,2019-01-29,더불어민주당,second
3896,2019-01-29,손혜원,second
3896,2019-01-29,자유한국당,second
3902,2019-01-29,더불어민주당,second
3903,2019-01-29,자유한국당,second
3928,2019-01-29,법무부,second
3942,2019-01-29,자유한국당,second
3942,2019-01-29,손혜원,second
3942,2019-01-29,자유한국당,second
3943,2019-01-29,더불어민주당,second
3946,2019-01-29,자유한국당,second
3947,2019-01-29,나경원,second
3947,2019-01-29,자유한국당,second
3949,2019-01-29,박영선,second
3949,2019-01-29,자유한국당,second
3949,2019-01-29,더불어민주당,second
3950,2019-01-29,손혜원,second
3950,2019-01-29,자유한국당,second
3952,2019-01-29,박영선,second
3952,2019-01-29,더불어민주당,second
3959,2019-01-29,국제투명성기구,second
3967,2019-01-29,국민권익위원회,second
3967,2019-01-29,반부패정책협의회,second
3968,2019-01-29,국민권익위원회,second
3970,2019-01-30,손혜원,second
3970,2019-01-30,자유한국당,second
4011,2019-01-31,손혜원,second
4011,2019-01-31,손혜원,second
4033,2019-01-31,박근혜,second
4033,2019-01-31,박근혜,second
4044,2019-01-31,정의당,second
4048,2019-01-31,정의당,second
4049,2019-01-31,정의당,second
4051,2019-02-01,손혜원,second
4054,2019-02-01,더불어민주당,second
4054,2019-02-01,손혜원,second
4055,2019-02-01,손혜원,second
4107,2019-02-11,손혜원,second
4113,2019-02-11,손혜원,second
4127,2019-02-12,손혜원,second
4146,2019-02-14,자유한국당,second
4147,2019-02-14,국토교통위원회,second
4147,2019-02-14,자유한국당,second
4162,2019-02-14,바른미래당,second
4182,2019-02-20,문재인,second
4196,2019-02-21,국민권익위원회,second
4196,2019-02-21,행정안전부,second
4211,2019-02-21,국민권익위원회,second
4214,2019-03-07,손혜원,second
4256,2019-03-12,국민권익위원회,second
4257,2019-03-12,국민권익위원회,second
4258,2019-03-12,더불어민주당,second
4258,2019-03-12,손혜원,second
4261,2019-03-12,국민권익위원회,second
4273,2019-04-22,법제사법위원회,second
4274,2019-04-22,참여연대,second
4275,2019-04-22,참여연대,second
4279,2019-04-22,참여연대,second
4283,2019-04-22,참여연대,second
4289,2019-04-22,손혜원,second
4290,2019-04-22,참여연대,second
4291,2019-04-22,손혜원,second
4292,2019-04-22,참여연대,second
4295,2019-04-22,손혜원,second
4295,2019-04-22,자유한국당,second
4298,2019-04-22,참여연대,second
4302,2019-04-22,자유한국당,second
4306,2019-04-22,참여연대,second
4306,2019-04-22,이명박,second
4306,2019-04-22,이명박,second
4307,2019-04-22,국민권익위원회,second
4309,2019-06-18,손혜원,second
4315,2019-06-18,손혜원,second
4325,2019-07-19,손혜원,second
4327,2019-07-19,국민권익위원회,second
4328,2019-07-19,국민권익위원회,second
4338,2019-07-19,정무위원회,second
4338,2019-07-19,정무위원회,second
4342,2019-07-19,정무위원회,second
4342,2019-07-19,정무위원회,second
4343,2019-07-19,정무위원회,second
4343,2019-07-19,정무위원회,second
4344,2019-07-19,손혜원,second
4345,2019-07-19,정무위원회,second
4345,2019-07-19,정무위원회,second
4345,2019-07-19,정무위원회,second
4345,2019-07-19,정무위원회,second
4347,2019-07-19,국민권익위원회,second
4352,2019-07-19,국민권익위원회,second
4356,2019-07-19,국민권익위원회,second
4358,2019-07-19,국민권익위원회,second
4359,2019-07-19,더불어민주당,second
4372,2019-07-19,국민권익위원회,second
4381,2019-07-19,국민권익위원회,second
4383,2019-07-19,국민권익위원회,second
4391,2019-07-19,더불어민주당,second
4392,2019-07-19,자유한국당,second
4394,2019-07-19,자유한국당,second
4395,2019-07-19,손혜원,second
4397,2019-07-20,국민권익위원회,second
4400,2019-07-20,손혜원,second
4401,2019-07-20,국민권익위원회,second
4407,2019-07-20,국민권익위원회,second
4411,2019-07-20,국민권익위원회,second
4411,2019-07-20,손혜원,second
4415,2019-07-20,안철수,second
4415,2019-07-20,국민의당,second
4415,2019-07-20,바른미래당,second
4415,2019-07-20,더불어민주당,second
4415,2019-07-20,정무위원회,second
4415,2019-07-20,정무위원회,second
4417,2019-07-21,손혜원,second
4420,2019-07-21,손혜원,second
4422,2019-07-21,국민권익위원회,second
4434,2019-07-22,국민권익위원회,second
4437,2019-07-22,더불어민주당,second
4437,2019-07-22,손혜원,second
4437,2019-07-22,자유한국당,second
4442,2019-07-22,자유한국당,second
4475,2019-08-22,자유한국당,second
4475,2019-08-22,법무부,second
4476,2019-08-22,법무부,second
4479,2019-08-22,자유한국당,second
4486,2019-08-22,청와대,second
4493,2019-08-22,법무부,second
4494,2019-08-22,법무부,second
4502,2019-08-22,법무부,second
4504,2019-08-22,자유한국당,second
4516,2019-08-22,법무부,second
4522,2019-09-11,법무부,second
4528,2019-09-11,청와대,second
4534,2019-09-16,법무부,second
4536,2019-09-16,법무부,second
4552,2019-09-18,법무부,second
4555,2019-09-18,법무부,second
4566,2019-09-18,법무부,second
4579,2019-09-26,법무부,second
4581,2019-09-26,바른미래당,second
4582,2019-09-26,국민권익위원회,second
4583,2019-09-26,국민권익위원회,second
4591,2019-09-27,법무부,second
4594,2019-09-27,법무부,second
4596,2019-09-27,국민권익위원회,second
4599,2019-09-27,국민권익위원회,second
4603,2019-09-27,국민권익위원회,second
4604,2019-09-27,국민권익위원회,second
4615,2019-10-10,정무위원회,second
4615,2019-10-10,정무위원회,second
4615,2019-10-10,법무부,second
4615,2019-10-10,국민권익위원회,second
4617,2019-10-10,바른미래당,second
4617,2019-10-10,국민권익위원회,second
4617,2019-10-10,국민권익위원회,second
4618,2019-10-10,바른미래당,second
4620,2019-10-10,더불어민주당,second
4622,2019-10-10,정무위원회,second
4622,2019-10-10,정무위원회,second
4623,2019-10-10,바른미래당,second
4627,2019-10-22,국민권익위원회,second
4632,2019-10-22,국민권익위원회,second
4635,2019-10-31,정의당,second
4635,2019-10-31,정의당,second
4636,2019-10-31,정의당,second
4637,2019-10-31,법무부,second
4651,2019-10-31,자유한국당,second
4652,2019-10-31,자유한국당,second
4652,2019-10-31,정의당,second
4653,2019-10-31,정의당,second
4653,2019-10-31,자유한국당,second
4660,2019-11-19,반부패정책협의회,second
4661,2019-11-19,국민권익위원회,second
4670,2019-11-19,국민권익위원회,second
4674,2019-11-19,국민권익위원회,second
4674,2019-11-19,반부패정책협의회,second
4674,2019-11-19,반부패정책협의회,second
4680,2019-11-19,국민권익위원회,second
4681,2019-11-19,국민권익위원회,second
4714,2020-01-08,국민권익위원회,second
4715,2020-01-08,법무부,second
4729,2020-01-08,손혜원,second
4753,2020-05-07,정세균,second
4788,2020-05-07,법제사법위원회,second
4801,2020-06-11,법제사법위원회,second
4801,2020-06-11,박덕흠,second
4805,2020-06-11,정의당,second
4805,2020-06-11,정무위원회,second
4805,2020-06-11,정무위원회,second
4806,2020-06-11,정무위원회,second
4806,2020-06-11,정무위원회,second
4806,2020-06-11,더불어민주당,second
4807,2020-06-11,정무위원회,second
4807,2020-06-11,정무위원회,second
4808,2020-06-11,정무위원회,second
4808,2020-06-11,정무위원회,second
4809,2020-06-11,정무위원회,second
4809,2020-06-11,정무위원회,second
4810,2020-06-11,정의당,second
4811,2020-06-11,법무부,second
4811,2020-06-11,법제사법위원회,second
4812,2020-06-11,법무부,second
4812,2020-06-11,박병석,second
4813,2020-06-11,더불어민주당,second
4813,2020-06-11,법제사법위원회,second
4814,2020-06-11,법제사법위원회,second
4815,2020-06-11,국토교통위원회,second
4816,2020-06-11,더불어민주당,second
4816,2020-06-11,박덕흠,second
4817,2020-06-11,더불어민주당,second
4821,2020-06-11,더불어민주당,second
4824,2020-07-09,행정안전부,second
4825,2020-07-09,더불어민주당,second
4834,2020-07-09,행정안전부,second
4856,2020-08-05,국민권익위원회,second
4856,2020-08-05,정무위원회,second
4856,2020-08-05,정무위원회,second
4858,2020-08-05,정무위원회,second
4858,2020-08-05,정무위원회,second
4859,2020-08-05,국민권익위원회,second
4874,2020-08-05,국민권익위원회,second
4876,2020-08-05,국민권익위원회,second
4879,2020-08-05,참여연대,second
4879,2020-08-05,국토교통위원회,second
4881,2020-08-13,손혜원,second
4882,2020-08-13,손혜원,second
4884,2020-08-14,손혜원,second
4892,2020-09-06,박덕흠,second
4892,2020-09-06,국민권익위원회,second
4893,2020-09-06,손혜원,second
4893,2020-09-06,더불어민주당,second
4917,2020-09-14,전현희,second
4917,2020-09-14,국민권익위원회,second
4917,2020-09-14,추미애,second
4917,2020-09-14,법무부,second
4918,2020-09-14,국민권익위원회,second
4918,2020-09-14,추미애,second
4918,2020-09-14,법무부,second
4918,2020-09-14,국민권익위원회,second
4921,2020-09-14,법무부,second
4922,2020-09-14,국민권익위원회,second
4922,2020-09-14,법무부,second
4923,2020-09-14,법무부,second
4926,2020-09-14,국민권익위원회,second
4927,2020-09-14,법무부,second
4929,2020-09-14,국민권익위원회,second
4931,2020-09-14,법무부,second
4933,2020-09-14,법무부,second
4937,2020-09-14,법무부,second
4950,2020-09-14,국민권익위원회,second
4951,2020-09-14,국민권익위원회,second
4951,2020-09-14,국민권익위원회,second
4968,2020-09-14,정무위원회,second
4968,2020-09-14,정무위원회,second
4968,2020-09-14,국민권익위원회,second
4969,2020-09-14,국민권익위원회,second
4971,2020-09-14,국민권익위원회,second
4973,2020-09-14,국민권익위원회,second
4974,2020-09-14,국민권익위원회,second
4978,2020-09-14,국민권익위원회,second
4980,2020-09-14,국민권익위원회,second
4985,2020-09-14,국민권익위원회,second
4986,2020-09-14,국민권익위원회,second
4989,2020-09-14,국민권익위원회,second
4993,2020-09-18,국민의힘,second
4993,2020-09-18,박덕흠,second
4993,2020-09-18,국토교통위원회,second
4993,2020-09-18,국토교통부,second
5010,2020-09-18,국민의힘,second
5012,2020-09-19,박덕흠,second
5012,2020-09-19,국민의힘,second
5013,2020-09-19,박덕흠,second
5013,2020-09-19,국민의힘,second
5013,2020-09-19,국토교통부,second
5014,2020-09-19,더불어민주당,second
5015,2020-09-19,손혜원,second
5015,2020-09-19,더불어민주당,second
5019,2020-09-19,국민의힘,second
5019,2020-09-19,정무위원회,second
5019,2020-09-19,정무위원회,second
5019,2020-09-19,더불어민주당,second
5020,2020-09-19,추미애,second
5020,2020-09-19,법무부,second
5027,2020-09-19,참여연대,second
5029,2020-09-19,국토교통위원회,second
5029,2020-09-19,국민의힘,second
5029,2020-09-19,박덕흠,second
5031,2020-09-19,국토교통위원회,second
5031,2020-09-19,국민의힘,second
5031,2020-09-19,박덕흠,second
5031,2020-09-19,국토교통부,second
5032,2020-09-19,정무위원회,second
5032,2020-09-19,정무위원회,second
5034,2020-09-19,정의당,second
5035,2020-09-19,정의당,second
5036,2020-09-19,더불어민주당,second
5037,2020-09-19,손혜원,second
5046,2020-09-21,박덕흠,second
5046,2020-09-21,국민의힘,second
5049,2020-09-21,국토교통부,second
5061,2020-09-21,국민의힘,second
5064,2020-09-21,더불어민주당,second
5071,2020-09-21,정무위원회,second
5071,2020-09-21,정무위원회,second
5071,2020-09-21,자유한국당,second
5073,2020-09-21,김용태,second
5076,2020-09-21,주호영,second
5076,2020-09-21,국민의힘,second
5078,2020-09-21,더불어민주당,second
5082,2020-09-21,국민권익위원회,second
5087,2020-09-21,박덕흠,second
5091,2020-09-21,국민의힘,second
5091,2020-09-21,국민의힘,second
5091,2020-09-21,박덕흠,second
5092,2020-09-21,국민의힘,second
5092,2020-09-21,박덕흠,second
5093,2020-09-21,더불어민주당,second
5094,2020-09-21,국민의힘,second
5096,2020-09-21,더불어민주당,second
5101,2020-09-21,더불어민주당,second
5102,2020-09-21,신동근,second
5102,2020-09-21,국민의힘,second
5103,2020-09-21,국민의힘,second
5103,2020-09-21,추미애,second
5103,2020-09-21,법무부,second
5103,2020-09-21,국민의힘,second
5104,2020-09-21,더불어민주당,second
5104,2020-09-21,이낙연,second
5105,2020-09-21,국민의힘,second
5106,2020-09-21,국민의힘,second
5107,2020-09-21,더불어민주당,second
5113,2020-09-21,박덕흠,second
5113,2020-09-21,국민의힘,second
5114,2020-09-21,박덕흠,second
5114,2020-09-21,국민의힘,second
5120,2020-09-21,더불어민주당,second
5120,2020-09-21,국민권익위원회,second
5122,2020-09-21,국민권익위원회,second
5131,2020-09-21,손혜원,second
5132,2020-09-21,국민권익위원회,second
5135,2020-09-21,정의당,second
5135,2020-09-21,국민의힘,second
5135,2020-09-21,박덕흠,second
5135,2020-09-21,더불어민주당,second
5135,2020-09-21,이낙연,second
5136,2020-09-21,박덕흠,second
5136,2020-09-21,국민의힘,second
5137,2020-09-21,더불어민주당,second
5138,2020-09-21,더불어민주당,second
5139,2020-09-21,국민의힘,second
5139,2020-09-21,박덕흠,second
5140,2020-09-21,최인호,second
5140,2020-09-21,더불어민주당,second
5141,2020-09-21,국민의힘,second
5141,2020-09-21,박덕흠,second
5145,2020-09-21,박덕흠,second
5145,2020-09-21,국민의힘,second
5146,2020-09-21,국토교통위원회,second
5146,2020-09-21,국토교통부,second
5155,2020-09-21,손혜원,second
5155,2020-09-21,더불어민주당,second
5158,2020-09-21,국민의힘,second
5167,2020-09-22,더불어민주당,second
5172,2020-09-23,국민의힘,second
5172,2020-09-23,더불어민주당,second
5173,2020-09-23,법무부,second
5173,2020-09-23,추미애,second
5173,2020-09-23,법무부,second
5173,2020-09-23,박덕흠,second
5173,2020-09-23,국민의힘,second
5175,2020-09-23,더불어민주당,second
5175,2020-09-23,신동근,second
5177,2020-09-23,더불어민주당,second
5180,2020-09-23,주호영,second
5180,2020-09-23,국민의힘,second
5181,2020-09-23,국민의힘,second
5182,2020-09-23,국민의힘,second
5183,2020-09-23,김용태,second
5190,2020-09-23,더불어민주당,second
5192,2020-09-23,국민의힘,second
5192,2020-09-23,박덕흠,second
5192,2020-09-23,더불어민주당,second
5193,2020-09-23,국민의힘,second
5195,2020-09-23,더불어민주당,second
5195,2020-09-23,신동근,second
5196,2020-09-23,국민의힘,second
5196,2020-09-23,박덕흠,second
5197,2020-09-23,더불어민주당,second
5198,2020-09-23,더불어민주당,second
5198,2020-09-23,국민의힘,second
5198,2020-09-23,정무위원회,second
5198,2020-09-23,정무위원회,second
5198,2020-09-23,국민의힘,second
5199,2020-09-23,국민의힘,second
5200,2020-09-23,더불어민주당,second
5201,2020-09-23,국민의힘,second
5205,2020-09-23,더불어민주당,second
5205,2020-09-23,국민의힘,second
5205,2020-09-23,법제사법위원회,second
5205,2020-09-23,추미애,second
5205,2020-09-23,법무부,second
5207,2020-09-23,추미애,second
5207,2020-09-23,법무부,second
5207,2020-09-23,박덕흠,second
5207,2020-09-23,국민의힘,second
5213,2020-09-23,더불어민주당,second
5214,2020-09-23,국민의힘,second
5214,2020-09-23,주호영,second
5215,2020-09-23,정무위원회,second
5215,2020-09-23,정무위원회,second
5215,2020-09-23,국민권익위원회,second
5220,2020-09-23,국민의힘,second
5220,2020-09-23,박덕흠,second
5220,2020-09-23,국토교통위원회,second
5222,2020-09-23,국민권익위원회,second
5227,2020-09-24,박덕흠,second
5227,2020-09-24,추미애,second
5227,2020-09-24,국민의당,second
5227,2020-09-24,국민의힘,second
5227,2020-09-24,주호영,second
5227,2020-09-24,국민의힘,second
5228,2020-09-24,국민의힘,second
5228,2020-09-24,박덕흠,second
5229,2020-09-24,주호영,second
5231,2020-09-24,국민의힘,second
5231,2020-09-24,더불어민주당,second
5231,2020-09-24,추미애,second
5231,2020-09-24,법무부,second
5232,2020-09-24,국민의당,second
5232,2020-09-24,안철수,second
5233,2020-09-24,국민의힘,second
5233,2020-09-24,국민의당,second
5237,2020-09-24,국민의힘,second
5238,2020-09-24,법무부,second
5240,2020-09-24,국민의힘,second
5241,2020-09-24,국민의힘,second
5241,2020-09-24,국민의힘,second
5246,2020-09-28,전현희,second
5246,2020-09-28,국민권익위원회,second
5247,2020-09-28,전현희,second
5247,2020-09-28,국민권익위원회,second
5249,2020-09-28,더불어민주당,second
5267,2020-09-28,국민권익위원회,second
5269,2020-09-28,전현희,second
5269,2020-09-28,국민권익위원회,second
5279,2020-09-29,전현희,second
5279,2020-09-29,국민권익위원회,second
5280,2020-09-29,국민권익위원회,second
5285,2020-09-29,국민권익위원회,second
5286,2020-09-29,국민권익위원회,second
5288,2020-09-29,정의당,second
5288,2020-09-29,더불어민주당,second
5288,2020-09-29,국민의힘,second
5289,2020-09-29,정의당,second
5292,2020-10-06,더불어민주당,second
5292,2020-10-06,법제사법위원회,second
5293,2020-10-06,법제사법위원회,second
5293,2020-10-06,국민의힘,second
5294,2020-10-06,더불어민주당,second
5295,2020-10-06,국민의힘,second
5299,2020-10-06,국민의힘,second
5302,2020-10-08,검찰총장,second
5311,2020-10-08,법무부,second
5320,2020-10-16,정무위원회,second
5320,2020-10-16,정무위원회,second
5320,2020-10-16,추미애,second
5320,2020-10-16,국민권익위원회,second
5320,2020-10-16,검찰총장,second
5322,2020-10-16,더불어민주당,second
5323,2020-10-16,국민권익위원회,second
5325,2020-10-16,국민권익위원회,second
5326,2020-10-16,국민권익위원회,second
5326,2020-10-16,법무부,second
5327,2020-10-16,법무부,second
5328,2020-10-16,성일종,second
5328,2020-10-16,국민의힘,second
5328,2020-10-16,국민권익위원회,second
5333,2020-10-19,더불어민주당,second
5337,2020-11-03,박덕흠,second
5339,2020-11-03,박덕흠,second
5341,2020-11-03,국토교통부,second
5343,2020-11-03,법안심사소위원회,second
5359,2020-11-18,손혜원,second
5364,2020-11-25,박덕흠,second
5365,2020-11-25,박덕흠,second
5366,2020-11-25,더불어민주당,second
5366,2020-11-25,이낙연,second
5367,2020-11-25,더불어민주당,second
5369,2020-11-25,정무위원회,second
5369,2020-11-25,정무위원회,second
5371,2020-11-25,더불어민주당,second
5371,2020-11-25,김병욱,second
5372,2020-11-25,국민의힘,second
5372,2020-11-25,성일종,second
5384,2020-11-27,문재인,second
5384,2020-11-27,더불어민주당,second
5400,2020-11-27,더불어민주당,second
5406,2020-11-29,더불어민주당,second
5406,2020-11-29,정무위원회,second
5406,2020-11-29,정무위원회,second
5407,2020-11-29,법제사법위원회,second
5409,2020-11-29,정무위원회,second
5409,2020-11-29,정무위원회,second
5409,2020-11-29,국민의힘,second
5410,2020-11-29,박병석,second
5413,2020-11-29,박병석,second
5414,2020-11-29,박덕흠,second
5418,2020-11-30,법제사법위원회,second
5419,2020-11-30,법제사법위원회,second
5420,2020-11-30,박병석,second
5420,2020-11-30,법제사법위원회,second
5421,2020-11-30,법제사법위원회,second
5421,2020-11-30,법제사법위원회,second
5424,2020-11-30,법제사법위원회,second
5425,2020-11-30,법제사법위원회,second
5426,2020-11-30,법제사법위원회,second
5427,2020-11-30,법제사법위원회,second
5429,2020-11-30,법무부,second
5430,2020-11-30,국민의힘,second
5432,2020-12-01,법무부,second
5432,2020-12-01,법제사법위원회,second
5432,2020-12-01,법제사법위원회,second
5433,2020-12-01,법제사법위원회,second
5433,2020-12-01,법제사법위원회,second
5434,2020-12-01,법제사법위원회,second
5435,2020-12-01,더불어민주당,second
5435,2020-12-01,국민의힘,second
5436,2020-12-01,국민의힘,second
5438,2020-12-01,박병석,second
5441,2020-12-01,법제사법위원회,second
5441,2020-12-01,법제사법위원회,second
5442,2020-12-01,박병석,second
5442,2020-12-01,국토교통위원회,second
5442,2020-12-01,법제사법위원회,second
5445,2020-12-01,법제사법위원회,second
5445,2020-12-01,법제사법위원회,second
5449,2020-12-01,박덕흠,second
5449,2020-12-01,주호영,second
5449,2020-12-01,국민의힘,second
5450,2020-12-01,김태년,second
5450,2020-12-01,더불어민주당,second
5451,2020-12-01,더불어민주당,second
5452,2020-12-01,더불어민주당,second
5455,2020-12-01,더불어민주당,second
5457,2020-12-01,주호영,second
5458,2020-12-01,더불어민주당,second
5458,2020-12-01,국민의힘,second
5459,2020-12-01,국민의힘,second
5467,2020-12-02,법무부,second
5467,2020-12-02,법제사법위원회,second
5468,2020-12-02,박병석,second
5468,2020-12-02,법제사법위원회,second
5468,2020-12-02,법제사법위원회,second
5469,2020-12-02,법제사법위원회,second
5470,2020-12-02,법제사법위원회,second
5471,2020-12-02,검찰총장,second
5473,2020-12-02,법제사법위원회,second
5474,2020-12-02,박덕흠,second
5474,2020-12-02,국토교통위원회,second
5474,2020-12-02,국민의힘,second
5475,2020-12-02,법제사법위원회,second
5476,2020-12-02,법제사법위원회,second
5478,2020-12-02,법제사법위원회,second
5479,2020-12-02,법제사법위원회,second
5480,2020-12-02,법제사법위원회,second
5481,2020-12-02,법제사법위원회,second
5482,2020-12-02,법무부,second
5484,2020-12-02,검찰총장,second
5485,2020-12-02,법제사법위원회,second
5487,2020-12-02,법제사법위원회,second
5488,2020-12-02,박병석,second
5489,2020-12-02,법제사법위원회,second
5490,2020-12-02,법제사법위원회,second
5492,2020-12-02,법제사법위원회,second
5493,2020-12-02,법제사법위원회,second
5494,2020-12-02,법제사법위원회,second
5495,2020-12-02,법제사법위원회,second
5497,2020-12-02,법제사법위원회,second
5498,2020-12-02,법제사법위원회,second
5499,2020-12-04,검찰총장,second
5499,2020-12-04,문재인,second
5503,2020-12-04,법무부,second
5506,2020-12-04,청와대,second
5508,2020-12-04,법무부,second
5524,2020-12-04,청와대,second
5524,2020-12-04,검찰총장,second
5527,2020-12-09,더불어민주당,second
5527,2020-12-09,이낙연,second
5552,2020-12-09,더불어민주당,second
5553,2020-12-09,더불어민주당,second
5553,2020-12-09,손혜원,second
5568,2020-12-21,더불어민주당,second
5568,2020-12-21,신동근,second
5569,2020-12-21,더불어민주당,second
5571,2020-12-22,더불어민주당,second
5571,2020-12-22,신동근,second
5572,2020-12-22,더불어민주당,second
5578,2020-12-22,국토교통위원회,second
5578,2020-12-22,박덕흠,second
5579,2020-12-22,손혜원,second
5580,2020-12-22,법제사법위원회,second
5581,2020-12-22,법무부,second
5581,2020-12-22,국민의힘,second
5589,2020-12-25,법제사법위원회,second
5602,2020-12-29,헌법재판소,second
5603,2020-12-29,문재인,second
5603,2020-12-29,법무부,second
5605,2020-12-29,헌법재판소,second
5612,2020-12-29,문재인,second
5612,2020-12-29,문재인,second
5612,2020-12-29,검찰총장,second
5613,2020-12-29,국민권익위원회,second
5614,2020-12-29,법무부,second
5615,2020-12-29,문재인,second
5617,2021-02-09,더불어민주당,second
5617,2021-02-09,신동근,second
5619,2021-02-09,더불어민주당,second
5625,2021-02-09,더불어민주당,second
5626,2021-02-09,국민의힘,second
5626,2021-02-09,정의당,second
5627,2021-02-09,국민의힘,second
5628,2021-02-09,더불어민주당,second
5641,2021-02-09,더불어민주당,second
5644,2021-02-10,이낙연,second
5644,2021-02-10,더불어민주당,second
5645,2021-02-10,신동근,second
5645,2021-02-10,더불어민주당,second
5646,2021-02-10,박덕흠,second
5646,2021-02-10,최인호,second
5647,2021-02-10,신동근,second
5649,2021-02-10,더불어민주당,second
5649,2021-02-10,국민의힘,second
5649,2021-02-10,국민의힘,second
5654,2021-02-22,더불어민주당,second
5654,2021-02-22,국민의힘,second
5654,2021-02-22,박덕흠,second
5654,2021-02-22,더불어민주당,second
5657,2021-02-22,더불어민주당,second
5657,2021-02-22,국민의힘,second
5658,2021-02-22,박병석,second
5666,2021-02-22,더불어민주당,second
5669,2021-02-22,국민의힘,second
5678,2021-02-25,박덕흠,second
5678,2021-02-25,국민의힘,second
5689,2021-03-02,정무위원회,second
5689,2021-03-02,정무위원회,second
5689,2021-03-02,국민권익위원회,second
5695,2021-03-02,국민권익위원회,second
5702,2021-03-02,참여연대,second
5702,2021-03-02,정무위원회,second
5702,2021-03-02,정무위원회,second
5702,2021-03-02,더불어민주당,second
5702,2021-03-02,국민의힘,second
5704,2021-03-02,참여연대,second
5704,2021-03-02,문재인,second
5705,2021-03-02,문재인,second
5706,2021-03-02,참여연대,second
5708,2021-03-02,참여연대,second
5711,2021-03-02,참여연대,second
5711,2021-03-02,참여연대,second
5712,2021-03-02,참여연대,second
5715,2021-03-02,참여연대,second
5716,2021-03-02,참여연대,second
5720,2021-03-02,참여연대,second
5729,2021-03-02,참여연대,second
5730,2021-03-02,참여연대,second
5734,2021-03-02,참여연대,second
5734,2021-03-02,참여연대,second
5734,2021-03-02,참여연대,second
5736,2021-03-02,국토교통부,second
5738,2021-03-02,참여연대,second
5738,2021-03-02,국토교통부,second
5740,2021-03-02,참여연대,second
5744,2021-03-02,참여연대,second
5745,2021-03-02,참여연대,second
5748,2021-03-02,참여연대,second
5750,2021-03-02,참여연대,second
5756,2021-03-02,참여연대,second
5761,2021-03-02,참여연대,second
5775,2021-03-03,참여연대,second
5778,2021-03-03,국토교통부,second
5779,2021-03-03,정세균,second
5781,2021-03-03,문재인,second
5782,2021-03-03,참여연대,second
5782,2021-03-03,참여연대,second
5798,2021-03-03,참여연대,second
5801,2021-03-03,참여연대,second
5802,2021-03-03,참여연대,second
5807,2021-03-03,참여연대,second
5807,2021-03-03,참여연대,second
5810,2021-03-03,국토교통부,second
5811,2021-03-03,참여연대,second
5811,2021-03-03,참여연대,second
5817,2021-03-03,참여연대,second
5819,2021-03-03,정세균,second
5824,2021-03-03,더불어민주당,second
5827,2021-03-03,법안심사소위원회,second
5828,2021-03-03,이낙연,second
5828,2021-03-03,더불어민주당,second
5828,2021-03-03,주호영,second
5828,2021-03-03,국민의힘,second
5829,2021-03-03,더불어민주당,second
5830,2021-03-03,국민의힘,second
5830,2021-03-03,박덕흠,second
5831,2021-03-03,손혜원,second
5832,2021-03-03,국민권익위원회,second
5846,2021-03-05,참여연대,second
5859,2021-03-05,참여연대,second
5862,2021-03-05,참여연대,second
5862,2021-03-05,참여연대,second
5887,2021-03-05,참여연대,second
5891,2021-03-05,문재인,second
5893,2021-03-05,국토교통부,second
5910,2021-03-05,국토교통부,second
5914,2021-03-08,국토교통부,second
5931,2021-03-09,국토교통부,second
5933,2021-03-09,더불어민주당,second
5938,2021-03-09,더불어민주당,second
5939,2021-03-09,자유한국당,second
5954,2021-03-09,더불어민주당,second
5954,2021-03-09,주호영,second
5954,2021-03-09,국민의힘,second
5963,2021-03-09,손혜원,second
5963,2021-03-09,박덕흠,second
5964,2021-03-09,더불어민주당,second
5965,2021-03-09,국민의힘,second
5965,2021-03-09,더불어민주당,second
5966,2021-03-09,더불어민주당,second
5967,2021-03-09,김태년,second
5968,2021-03-09,더불어민주당,second
5968,2021-03-09,정무위원회,second
5968,2021-03-09,정무위원회,second
5970,2021-03-09,더불어민주당,second
5971,2021-03-09,국민의힘,second
5974,2021-03-09,더불어민주당,second
5975,2021-03-09,더불어민주당,second
5975,2021-03-09,정무위원회,second
5975,2021-03-09,정무위원회,second
5975,2021-03-09,법안심사소위원회,second
5979,2021-03-09,국토교통부,second
5980,2021-03-09,국토교통부,second
5986,2021-03-09,정의당,second
5987,2021-03-09,더불어민주당,second
5990,2021-03-09,국민의힘,second
5992,2021-03-09,더불어민주당,second
5996,2021-03-09,국민의힘,second
6001,2021-03-09,국민의힘,second
6001,2021-03-09,더불어민주당,second
6002,2021-03-09,더불어민주당,second
6011,2021-03-10,더불어민주당,second
6011,2021-03-10,더불어민주당,second
6011,2021-03-10,법제사법위원회,second
6015,2021-03-10,문재인,second
6015,2021-03-10,청와대,second
6015,2021-03-10,더불어민주당,second
6016,2021-03-10,문재인,second
6018,2021-03-10,더불어민주당,second
6020,2021-03-10,청와대,second
6023,2021-03-10,더불어민주당,second
6023,2021-03-10,청와대,second
6027,2021-03-10,김태년,second
6027,2021-03-10,문재인,second
6027,2021-03-10,청와대,second
6027,2021-03-10,더불어민주당,second
6028,2021-03-10,문재인,second
6029,2021-03-10,더불어민주당,second
6032,2021-03-10,더불어민주당,second
6032,2021-03-10,김태년,second
6038,2021-03-10,청와대,second
6044,2021-03-10,더불어민주당,second
6046,2021-03-10,더불어민주당,second
6048,2021-03-10,더불어민주당,second
6050,2021-03-10,국민의힘,second
6050,2021-03-10,청와대,second
6050,2021-03-10,문재인,second
6050,2021-03-10,청와대,second
6050,2021-03-10,더불어민주당,second
6054,2021-03-10,손혜원,second
6054,2021-03-10,박덕흠,second
6054,2021-03-10,국민의힘,second
6055,2021-03-10,정무위원회,second
6055,2021-03-10,정무위원회,second
6059,2021-03-10,정무위원회,second
6059,2021-03-10,정무위원회,second
6059,2021-03-10,국민의힘,second
6067,2021-03-10,문재인,second
6070,2021-03-10,정세균,second
6082,2021-03-10,국토교통부,second
6086,2021-03-11,문재인,second
6086,2021-03-11,청와대,second
6086,2021-03-11,더불어민주당,second
6088,2021-03-11,더불어민주당,second
6090,2021-03-11,김태년,second
6090,2021-03-11,더불어민주당,second
6090,2021-03-11,청와대,second
6092,2021-03-11,더불어민주당,second
6095,2021-03-11,문재인,second
6095,2021-03-11,청와대,second
6095,2021-03-11,더불어민주당,second
6095,2021-03-11,김태년,second
6098,2021-03-11,더불어민주당,second
6100,2021-03-11,더불어민주당,second
6101,2021-03-11,정무위원회,second
6101,2021-03-11,정무위원회,second
6102,2021-03-11,더불어민주당,second
6104,2021-03-11,정세균,second
6105,2021-03-11,검찰총장,second
6105,2021-03-11,법무부,second
6105,2021-03-11,행정안전부,second
6107,2021-03-11,더불어민주당,second
6107,2021-03-11,김태년,second
6108,2021-03-11,정세균,second
6109,2021-03-11,문재인,second
6109,2021-03-11,청와대,second
6123,2021-03-11,국토교통부,second
6149,2021-03-11,문재인,second
6149,2021-03-11,청와대,second
6149,2021-03-11,더불어민주당,second
6150,2021-03-11,이낙연,second
6150,2021-03-11,김태년,second
6151,2021-03-11,문재인,second
6153,2021-03-11,청와대,second
6153,2021-03-11,더불어민주당,second
6168,2021-03-11,국민권익위원회,second
6170,2021-03-11,참여연대,second
6170,2021-03-11,더불어민주당,second
6170,2021-03-11,국민의힘,second
6171,2021-03-11,문재인,second
6171,2021-03-11,청와대,second
6171,2021-03-11,더불어민주당,second
6172,2021-03-11,더불어민주당,second
6173,2021-03-11,김태년,second
6173,2021-03-11,더불어민주당,second
6178,2021-03-11,문재인,second
6179,2021-03-11,김태년,second
6179,2021-03-11,더불어민주당,second
6182,2021-03-11,더불어민주당,second
6184,2021-03-11,박덕흠,second
6190,2021-03-11,정의당,second
6191,2021-03-11,김태년,second
6191,2021-03-11,김태년,second
6191,2021-03-11,더불어민주당,second
6196,2021-03-11,김태년,second
6196,2021-03-11,문재인,second
6196,2021-03-11,청와대,second
6196,2021-03-11,더불어민주당,second
6197,2021-03-11,문재인,second
6198,2021-03-11,더불어민주당,second
6201,2021-03-11,더불어민주당,second
6201,2021-03-11,김태년,second
6208,2021-03-11,청와대,second
6213,2021-03-11,더불어민주당,second
6215,2021-03-11,더불어민주당,second
6217,2021-03-11,더불어민주당,second
6223,2021-03-11,더불어민주당,second
6228,2021-03-11,참여연대,second
6236,2021-03-12,김태년,second
6236,2021-03-12,더불어민주당,second
6236,2021-03-12,김태년,second
6237,2021-03-12,국민의힘,second
6237,2021-03-12,더불어민주당,second
6240,2021-03-12,국민의힘,second
6242,2021-03-12,더불어민주당,second
6242,2021-03-12,김태년,second
6242,2021-03-12,국민의힘,second
6243,2021-03-12,더불어민주당,second
6244,2021-03-12,국민의힘,second
6244,2021-03-12,더불어민주당,second
6262,2021-03-12,더불어민주당,second
6262,2021-03-12,김태년,second
6262,2021-03-12,더불어민주당,second
6263,2021-03-12,더불어민주당,second
6264,2021-03-12,국민의힘,second
6265,2021-03-12,더불어민주당,second
6265,2021-03-12,김태년,second
6266,2021-03-12,박영선,second
6266,2021-03-12,더불어민주당,second
6266,2021-03-12,김태년,second
6268,2021-03-12,더불어민주당,second
6270,2021-03-12,더불어민주당,second
6272,2021-03-12,국민의힘,second
6274,2021-03-12,청와대,second
6275,2021-03-12,국민의힘,second
6276,2021-03-12,주호영,second
6276,2021-03-12,국민의힘,second
6278,2021-03-12,국민의힘,second
6278,2021-03-12,더불어민주당,second
6278,2021-03-12,더불어민주당,second
6279,2021-03-12,주호영,second
6280,2021-03-12,더불어민주당,second
6280,2021-03-12,더불어민주당,second
6281,2021-03-12,정의당,second
6282,2021-03-12,정의당,second
6282,2021-03-12,박영선,second
6282,2021-03-12,더불어민주당,second
6282,2021-03-12,박영선,second
6284,2021-03-12,정의당,second
6294,2021-03-13,문재인,second
6296,2021-03-13,더불어민주당,second
6296,2021-03-13,김태년,second
6296,2021-03-13,박영선,second
6296,2021-03-13,주호영,second
6297,2021-03-13,국민의힘,second
6299,2021-03-13,국민의힘,second
6299,2021-03-13,오세훈,second
6300,2021-03-13,더불어민주당,second
6300,2021-03-13,더불어민주당,second
6302,2021-03-13,문재인,second
6303,2021-03-13,더불어민주당,second
6304,2021-03-13,더불어민주당,second
6304,2021-03-13,법무부,second
6313,2021-03-14,이낙연,second
6315,2021-03-15,정세균,second
6316,2021-03-15,국토교통부,second
6317,2021-03-15,정세균,second
6327,2021-03-15,정세균,second
6328,2021-03-15,국토교통부,second
6332,2021-03-15,참여연대,second
6337,2021-03-15,국토교통부,second
6337,2021-03-15,정세균,second
6341,2021-03-15,국민의힘,second
6341,2021-03-15,문재인,second
6345,2021-03-15,더불어민주당,second
6346,2021-03-15,국토교통부,second
6347,2021-03-15,더불어민주당,second
6352,2021-03-15,더불어민주당,second
6353,2021-03-15,청와대,second
6355,2021-03-15,더불어민주당,second
6358,2021-03-15,참여연대,second
6358,2021-03-15,김태년,second
6360,2021-03-15,박영선,second
6360,2021-03-15,국민의힘,second
6360,2021-03-15,국민의당,second
6361,2021-03-15,더불어민주당,second
6364,2021-03-15,이낙연,second
6390,2021-03-15,문재인,second
6392,2021-03-16,이낙연,second
6392,2021-03-16,문재인,second
6393,2021-03-16,더불어민주당,second
6395,2021-03-16,문재인,second
6395,2021-03-16,청와대,second
6396,2021-03-16,문재인,second
6400,2021-03-16,청와대,second
6405,2021-03-16,문재인,second
6405,2021-03-16,청와대,second
6409,2021-03-16,문재인,second
6410,2021-03-16,박근혜,second
6410,2021-03-16,박근혜,second
6410,2021-03-16,이명박,second
6410,2021-03-16,이명박,second
6419,2021-03-16,국민권익위원회,second
6422,2021-03-16,법안심사소위원회,second
6424,2021-03-16,국민권익위원회,second
6425,2021-03-16,국민권익위원회,second
6426,2021-03-16,전현희,second
6426,2021-03-16,국민권익위원회,second
6427,2021-03-16,국제투명성기구,second
6429,2021-03-16,국민권익위원회,second
6431,2021-03-16,문재인,second
6431,2021-03-16,청와대,second
6432,2021-03-16,문재인,second
6436,2021-03-16,청와대,second
6446,2021-03-16,정의당,second
6455,2021-03-16,문재인,second
6456,2021-03-16,참여연대,second
6457,2021-03-16,청와대,second
6464,2021-03-16,문재인,second
6464,2021-03-16,청와대,second
6465,2021-03-16,문재인,second
6470,2021-03-16,주호영,second
6470,2021-03-16,국민의힘,second
6470,2021-03-16,더불어민주당,second
6471,2021-03-16,김태년,second
6471,2021-03-16,더불어민주당,second
6491,2021-03-16,정무위원회,second
6491,2021-03-16,정무위원회,second
6492,2021-03-16,국민의힘,second
6493,2021-03-16,정무위원회,second
6493,2021-03-16,정무위원회,second
6493,2021-03-16,국민의힘,second
6500,2021-03-17,국민의힘,second
6500,2021-03-17,주호영,second
6500,2021-03-17,청와대,second
6501,2021-03-17,주호영,second
6501,2021-03-17,문재인,second
6503,2021-03-17,국민의힘,second
6505,2021-03-17,청와대,second
6507,2021-03-17,더불어민주당,second
6508,2021-03-17,더불어민주당,second
6508,2021-03-17,김태년,second
6509,2021-03-17,청와대,second
6511,2021-03-17,국민의힘,second
6512,2021-03-17,더불어민주당,second
6513,2021-03-17,더불어민주당,second
6513,2021-03-17,이낙연,second
6516,2021-03-17,문재인,second
6518,2021-03-17,청와대,second
6522,2021-03-17,청와대,second
6529,2021-03-17,국민의힘,second
6543,2021-03-17,이명박,second
6543,2021-03-17,이명박,second
6543,2021-03-17,박근혜,second
6543,2021-03-17,박근혜,second
6543,2021-03-17,문재인,second
6582,2021-03-17,문재인,second
6589,2021-03-17,청와대,second
6595,2021-03-17,더불어민주당,second
6596,2021-03-17,국민의힘,second
6597,2021-03-17,더불어민주당,second
6600,2021-03-17,더불어민주당,second
6600,2021-03-17,국민의힘,second
6601,2021-03-17,더불어민주당,second
6601,2021-03-17,국민의힘,second
6602,2021-03-17,국민의힘,second
6602,2021-03-17,더불어민주당,second
6603,2021-03-17,국민의힘,second
6622,2021-03-17,문재인,second
6622,2021-03-17,청와대,second
6624,2021-03-17,문재인,second
6628,2021-03-17,청와대,second
6637,2021-03-17,정의당,second
6646,2021-03-17,더불어민주당,second
6647,2021-03-17,국민권익위원회,second
6652,2021-03-17,국민권익위원회,second
6653,2021-03-17,국민권익위원회,second
6655,2021-03-17,국민권익위원회,second
6657,2021-03-17,오세훈,second
6661,2021-03-17,더불어민주당,second
6661,2021-03-17,정무위원회,second
6661,2021-03-17,정무위원회,second
6664,2021-03-17,참여연대,second
6665,2021-03-17,국민의힘,second
6665,2021-03-17,오세훈,second
6667,2021-03-17,더불어민주당,second
6668,2021-03-17,국민의힘,second
6668,2021-03-17,성일종,second
6677,2021-03-17,참여연대,second
6683,2021-03-17,정무위원회,second
6683,2021-03-17,정무위원회,second
6683,2021-03-17,법안심사소위원회,second
6684,2021-03-17,정무위원회,second
6684,2021-03-17,정무위원회,second
6686,2021-03-18,문재인,second
6694,2021-03-18,행정안전부,second
6699,2021-03-18,이명박,second
6699,2021-03-18,이명박,second
6699,2021-03-18,박근혜,second
6699,2021-03-18,박근혜,second
6708,2021-03-18,국토교통부,second
6730,2021-03-18,국민권익위원회,second
6732,2021-03-18,국민권익위원회,second
6738,2021-03-18,국민권익위원회,second
6742,2021-03-18,문재인,second
6742,2021-03-18,국토교통부,second
6745,2021-03-21,참여연대,second
6755,2021-03-21,문재인,second
6755,2021-03-21,더불어민주당,second
6757,2021-03-21,문재인,second
6757,2021-03-21,더불어민주당,second
6759,2021-03-21,더불어민주당,second
6760,2021-03-21,오세훈,second
6760,2021-03-21,국민의힘,second
6765,2021-03-22,더불어민주당,second
6767,2021-03-22,더불어민주당,second
6768,2021-03-22,더불어민주당,second
6770,2021-03-22,더불어민주당,second
6787,2021-03-22,청와대,second
6789,2021-03-22,문재인,second
6800,2021-03-22,문재인,second
6800,2021-03-22,청와대,second
6801,2021-03-22,문재인,second
6812,2021-03-22,박근혜,second
6812,2021-03-22,박근혜,second
6817,2021-03-22,문재인,second
6820,2021-03-22,박근혜,second
6820,2021-03-22,박근혜,second
6825,2021-03-22,청와대,second
6825,2021-03-22,검찰총장,second
6833,2021-03-23,참여연대,second
6834,2021-03-23,참여연대,second
6863,2021-03-24,이낙연,second
6863,2021-03-24,이낙연,second
6863,2021-03-24,더불어민주당,second
6863,2021-03-24,김태년,second
6871,2021-03-24,더불어민주당,second
6872,2021-03-24,국민의힘,second
6874,2021-03-24,정무위원회,second
6874,2021-03-24,정무위원회,second
6899,2021-03-24,국토교통부,second
6905,2021-03-25,청와대,second
6908,2021-03-25,더불어민주당,second
6918,2021-03-25,부동산거래분석원,second
6923,2021-03-25,더불어민주당,second
6923,2021-03-25,김병욱,second
6924,2021-03-25,더불어민주당,second
6924,2021-03-25,문재인,second
6928,2021-03-25,박덕흠,second
6929,2021-03-25,국민의힘,second
6929,2021-03-25,더불어민주당,second
6931,2021-03-25,더불어민주당,second
6932,2021-03-25,국민의힘,second
6937,2021-03-26,정무위원회,second
6937,2021-03-26,정무위원회,second
6937,2021-03-26,법안심사소위원회,second
6938,2021-03-26,국민의힘,second
6938,2021-03-26,더불어민주당,second
6939,2021-03-26,더불어민주당,second
6950,2021-03-28,정세균,second
6950,2021-03-28,더불어민주당,second
6950,2021-03-28,김태년,second
6950,2021-03-28,홍남기,second
6950,2021-03-28,경제부총리,second
6950,2021-03-28,국토교통부,second
6951,2021-03-28,더불어민주당,second
6954,2021-03-28,더불어민주당,second
6955,2021-03-28,최인호,second
6955,2021-03-28,더불어민주당,second
6958,2021-03-28,더불어민주당,second
6958,2021-03-28,김태년,second
6959,2021-03-28,정세균,second
6959,2021-03-28,문재인,second
6962,2021-03-28,정세균,second
6962,2021-03-28,더불어민주당,second
6962,2021-03-28,김태년,second
6962,2021-03-28,홍남기,second
6962,2021-03-28,경제부총리,second
6962,2021-03-28,국토교통부,second
6963,2021-03-28,더불어민주당,second
6963,2021-03-28,청와대,second
6967,2021-03-28,이낙연,second
6967,2021-03-28,더불어민주당,second
6967,2021-03-28,이낙연,second
6967,2021-03-28,국민의힘,second
6968,2021-03-28,더불어민주당,second
6972,2021-03-28,이낙연,second
6972,2021-03-28,문재인,second
6977,2021-03-28,국민의힘,second
6979,2021-03-28,국민의힘,second
6980,2021-03-28,문재인,second
6985,2021-03-28,김태년,second
6985,2021-03-28,더불어민주당,second
6986,2021-03-28,더불어민주당,second
6986,2021-03-28,청와대,second
6989,2021-03-28,문재인,second
6989,2021-03-28,반부패정책협의회,second
6990,2021-03-28,김태년,second
6990,2021-03-28,더불어민주당,second
6992,2021-03-28,국민권익위원회,second
6995,2021-03-28,최인호,second
6995,2021-03-28,더불어민주당,second
7003,2021-03-28,더불어민주당,second
7005,2021-03-28,더불어민주당,second
7005,2021-03-28,이낙연,second
7010,2021-03-28,부동산거래분석원,second
7012,2021-03-28,더불어민주당,second
7017,2021-03-28,반부패정책협의회,second
7020,2021-03-28,홍남기,second
7020,2021-03-28,경제부총리,second
7020,2021-03-28,정세균,second
7020,2021-03-28,더불어민주당,second
7020,2021-03-28,김태년,second
7023,2021-03-28,더불어민주당,second
7027,2021-03-28,정세균,second
7027,2021-03-28,김태년,second
7027,2021-03-28,더불어민주당,second
7027,2021-03-28,홍남기,second
7028,2021-03-28,더불어민주당,second
7032,2021-03-29,정세균,second
7034,2021-03-29,더불어민주당,second
7034,2021-03-29,김태년,second
7036,2021-03-29,더불어민주당,second
7036,2021-03-29,최인호,second
7037,2021-03-29,국민의힘,second
7038,2021-03-29,부동산거래분석원,second
7038,2021-03-29,문재인,second
7038,2021-03-29,반부패정책협의회,second
7040,2021-03-29,더불어민주당,second
7040,2021-03-29,김태년,second
7041,2021-03-29,홍남기,second
7041,2021-03-29,경제부총리,second
7041,2021-03-29,정세균,second
7041,2021-03-29,국토교통부,second
7042,2021-03-29,더불어민주당,second
7042,2021-03-29,청와대,second
7049,2021-03-29,더불어민주당,second
7049,2021-03-29,김태년,second
7053,2021-03-29,청와대,second
7053,2021-03-29,반부패정책협의회,second
7068,2021-03-29,법안심사소위원회,second
7070,2021-03-29,더불어민주당,second
7076,2021-03-29,청와대,second
7076,2021-03-29,반부패정책협의회,second
7088,2021-03-29,더불어민주당,second
7104,2021-03-29,청와대,second
7111,2021-03-29,홍남기,second
7111,2021-03-29,경제부총리,second
7111,2021-03-29,반부패정책협의회,second
7116,2021-03-29,홍남기,second
7131,2021-03-29,전현희,second
7141,2021-03-29,문재인,second
7141,2021-03-29,청와대,second
7141,2021-03-29,반부패정책협의회,second
7153,2021-03-29,부동산거래분석원,second
7160,2021-03-30,반부패정책협의회,second
7160,2021-03-30,문재인,second
7160,2021-03-30,청와대,second
7160,2021-03-30,반부패정책협의회,second
7162,2021-03-30,청와대,second
7162,2021-03-30,반부패정책협의회,second
7166,2021-03-30,정세균,second
7166,2021-03-30,홍남기,second
7166,2021-03-30,검찰총장,second
7171,2021-03-30,부동산거래분석원,second
7176,2021-03-30,청와대,second
7176,2021-03-30,반부패정책협의회,second
7177,2021-03-30,문재인,second
7177,2021-03-30,청와대,second
7177,2021-03-30,반부패정책협의회,second
7180,2021-03-30,청와대,second
7181,2021-03-30,청와대,second
7183,2021-03-30,더불어민주당,second
7188,2021-03-30,청와대,second
7216,2021-03-30,부동산거래분석원,second
7253,2021-03-31,참여연대,second
7259,2021-03-31,더불어민주당,second
7260,2021-03-31,국민의힘,second
7263,2021-03-31,법안심사소위원회,second
7323,2021-03-31,국민의힘,second
7323,2021-03-31,성일종,second
7324,2021-03-31,더불어민주당,second
7325,2021-03-31,국민의힘,second
7325,2021-03-31,더불어민주당,second
7329,2021-03-31,박영선,second
7329,2021-03-31,더불어민주당,second
7329,2021-03-31,오세훈,second
7329,2021-03-31,국민의힘,second
7330,2021-03-31,정무위원회,second
7330,2021-03-31,정무위원회,second
7330,2021-03-31,국민의힘,second
7332,2021-03-31,전현희,second
7332,2021-03-31,국민권익위원회,second
7333,2021-03-31,국민의힘,second
7337,2021-03-31,정세균,second
7337,2021-03-31,더불어민주당,second
7338,2021-03-31,정무위원회,second
7338,2021-03-31,정무위원회,second
7338,2021-03-31,성일종,second
7338,2021-03-31,국민의힘,second
7353,2021-04-01,더불어민주당,second
7355,2021-04-01,국민의힘,second
7357,2021-04-01,법안심사소위원회,second
7362,2021-04-02,문재인,second
7424,2021-04-07,김영란,second
7425,2021-04-07,국민의힘,second
7428,2021-04-07,참여연대,second
7431,2021-04-08,참여연대,second
7433,2021-04-12,정무위원회,second
7433,2021-04-12,정무위원회,second
7433,2021-04-12,성일종,second
7436,2021-04-12,정무위원회,second
7436,2021-04-12,정무위원회,second
7436,2021-04-12,더불어민주당,second
7436,2021-04-12,김병욱,second
7439,2021-04-12,박덕흠,second
7440,2021-04-12,정무위원회,second
7440,2021-04-12,정무위원회,second
7441,2021-04-12,더불어민주당,second
7442,2021-04-12,최인호,second
7446,2021-04-13,정무위원회,second
7446,2021-04-13,정무위원회,second
7446,2021-04-13,성일종,second
7450,2021-04-13,정무위원회,second
7450,2021-04-13,정무위원회,second
7451,2021-04-13,정무위원회,second
7451,2021-04-13,정무위원회,second
7453,2021-04-13,국민의힘,second
7473,2021-04-13,박근혜,second
7473,2021-04-13,박근혜,second
7495,2021-04-13,법안심사소위원회,second
7496,2021-04-13,더불어민주당,second
7502,2021-04-13,박병석,second
7502,2021-04-13,더불어민주당,second
7521,2021-04-14,더불어민주당,second
7537,2021-04-14,정무위원회,second
7537,2021-04-14,정무위원회,second
7537,2021-04-14,법안심사소위원회,second
7537,2021-04-14,성일종,second
7537,2021-04-14,더불어민주당,second
7537,2021-04-14,김병욱,second
7544,2021-04-14,정무위원회,second
7544,2021-04-14,정무위원회,second
7544,2021-04-14,국민의힘,second
7544,2021-04-14,성일종,second
7544,2021-04-14,법안심사소위원회,second
7545,2021-04-14,더불어민주당,second
7545,2021-04-14,김병욱,second
7546,2021-04-14,정무위원회,second
7546,2021-04-14,정무위원회,second
7546,2021-04-14,법제사법위원회,second
7547,2021-04-14,성일종,second
7547,2021-04-14,정무위원회,second
7547,2021-04-14,정무위원회,second
7550,2021-04-14,참여연대,second
7552,2021-04-14,성일종,second
7553,2021-04-14,법안심사소위원회,second
7555,2021-04-14,정무위원회,second
7555,2021-04-14,정무위원회,second
7555,2021-04-14,법안심사소위원회,second
7561,2021-04-14,정무위원회,second
7561,2021-04-14,정무위원회,second
7561,2021-04-14,법제사법위원회,second
7563,2021-04-14,문재인,second
7563,2021-04-14,청와대,second
7569,2021-04-14,성일종,second
7575,2021-04-14,정무위원회,second
7575,2021-04-14,정무위원회,second
7579,2021-04-14,정무위원회,second
7579,2021-04-14,정무위원회,second
7582,2021-04-14,국민권익위원회,second
7590,2021-04-14,정무위원회,second
7590,2021-04-14,정무위원회,second
7590,2021-04-14,더불어민주당,second
7590,2021-04-14,김병욱,second
7597,2021-04-14,김병욱,second
7598,2021-04-14,정무위원회,second
7598,2021-04-14,정무위원회,second
7600,2021-04-14,정무위원회,second
7600,2021-04-14,정무위원회,second
7600,2021-04-14,국민의힘,second
7600,2021-04-14,성일종,second
7600,2021-04-14,국민권익위원회,second
7602,2021-04-14,정무위원회,second
7602,2021-04-14,정무위원회,second
7602,2021-04-14,법제사법위원회,second
7606,2021-04-14,성일종,second
7607,2021-04-14,정무위원회,second
7607,2021-04-14,정무위원회,second
7607,2021-04-14,법안심사소위원회,second
7620,2021-04-14,청와대,second
7621,2021-04-14,문재인,second
7628,2021-04-14,정의당,second
7628,2021-04-14,더불어민주당,second
7628,2021-04-14,국민권익위원회,second
7629,2021-04-14,법안심사소위원회,second
7630,2021-04-14,성일종,second
7631,2021-04-14,법안심사소위원회,second
7632,2021-04-14,정무위원회,second
7632,2021-04-14,정무위원회,second
7632,2021-04-14,법제사법위원회,second
7643,2021-04-14,청와대,second
7644,2021-04-14,박원순,second
7648,2021-04-14,더불어민주당,second
7649,2021-04-14,문재인,second
7652,2021-04-15,정무위원회,second
7652,2021-04-15,정무위원회,second
7652,2021-04-15,법안심사소위원회,second
7657,2021-04-15,정무위원회,second
7657,2021-04-15,정무위원회,second
7657,2021-04-15,법안심사소위원회,second
7657,2021-04-15,정의당,second
7657,2021-04-15,더불어민주당,second
7657,2021-04-15,국민권익위원회,second
7659,2021-04-15,정무위원회,second
7659,2021-04-15,정무위원회,second
7673,2021-04-15,정의당,second
7673,2021-04-15,더불어민주당,second
7674,2021-04-15,법안심사소위원회,second
7679,2021-04-15,정무위원회,second
7679,2021-04-15,정무위원회,second
7679,2021-04-15,더불어민주당,second
7679,2021-04-15,김병욱,second
7679,2021-04-15,국민의힘,second
7679,2021-04-15,성일종,second
7702,2021-04-15,더불어민주당,second
7703,2021-04-15,더불어민주당,second
7704,2021-04-15,더불어민주당,second
7705,2021-04-15,국민의힘,second
7706,2021-04-15,법안심사소위원회,second
7706,2021-04-15,성일종,second
7706,2021-04-15,더불어민주당,second
7706,2021-04-15,김병욱,second
7711,2021-04-15,법안심사소위원회,second
7712,2021-04-15,법안심사소위원회,second
7713,2021-04-15,정무위원회,second
7713,2021-04-15,정무위원회,second
7727,2021-04-15,정무위원회,second
7727,2021-04-15,정무위원회,second
7727,2021-04-15,법안심사소위원회,second
7736,2021-04-15,정무위원회,second
7736,2021-04-15,정무위원회,second
7739,2021-04-16,성일종,second
7739,2021-04-16,김병욱,second
7740,2021-04-16,정무위원회,second
7740,2021-04-16,정무위원회,second
7740,2021-04-16,법안심사소위원회,second
7744,2021-04-16,박덕흠,second
7744,2021-04-16,손혜원,second
7748,2021-04-19,정의당,second
7748,2021-04-19,더불어민주당,second
7751,2021-04-19,더불어민주당,second
7754,2021-04-19,참여연대,second
7776,2021-04-20,참여연대,second
7788,2021-04-21,더불어민주당,second
7805,2021-04-22,정의당,second
7808,2021-04-22,더불어민주당,second
7813,2021-04-22,정의당,second
7817,2021-04-22,정무위원회,second
7817,2021-04-22,정무위원회,second
7818,2021-04-22,국민의힘,second
7835,2021-04-22,국토교통부,second
7840,2021-04-22,국토교통부,second
7861,2021-04-23,정무위원회,second
7861,2021-04-23,정무위원회,second
7891,2021-04-26,성일종,second
7891,2021-04-26,국민의힘,second
7919,2021-04-28,국민권익위원회,second
7938,2021-04-29,국토교통부,second
7957,2021-04-29,박덕흠,second
7957,2021-04-29,국민의힘,second
7958,2021-04-29,손혜원,second
7963,2021-04-29,법제사법위원회,second
7983,2021-04-29,정의당,second
